{
    "0": 1.4976892045952817,
    "105": 2.2992500000000002,
    "10": 2.2289428755998535,
    "1": 1.4004158349966735,
    "2": 1.5428488178488171,
    "3": 1.45627147766323,
    "4": 1.5601660702816773,
    "5": 1.5483544685990334,
    "65": 2.2121794871794873,
    "6": 1.9227052005012542,
    "7": 2.22432712215321,
    "8": 1.4968463039485764,
    "92": 1.6730769230769231,
    "9": 1.2530864197530862
}